{
    "ads": [
      {
        "title": "Upgrade Your Security with NordVPN",
        "description": "Stay safe online with NordVPN – fast, secure, and easy to use. Get 68% off your subscription today!",
        "url": "https://nordvpn.com"
      },
      {
        "title": "Unlock Gaming Potential with ASUS ROG",
        "description": "Experience top-tier gaming with ASUS ROG laptops. Powerful performance, cutting-edge graphics, and exclusive deals available now.",
        "url": "https://asus.com/rog"
      },
      {
        "title": "Boost Your Productivity with Microsoft Office",
        "description": "Get the latest Microsoft Office suite with cloud integration and advanced features. Special offers available.",
        "url": "https://microsoft.com/office"
      },
      {
        "title": "Explore the World with Travel Discounts",
        "description": "Find amazing deals on flights and hotels. Book your next adventure with our exclusive travel discounts.",
        "url": "https://traveldeals.com"
      },
      {
        "title": "Revamp Your Home with IKEA",
        "description": "Discover stylish and affordable furniture for every room in your home. Check out IKEA's latest collections.",
        "url": "https://ikea.com"
      },
      {
        "title": "Get Fit with Peloton",
        "description": "Join the Peloton community and access live and on-demand workout classes from the comfort of your home.",
        "url": "https://peloton.com"
      }
    ]
  }
  