[
    {
    "name": "Grammarly",
    "description": "Enhances your writing with grammar and spell check.",
    "homepageUrl": "https://www.grammarly.com/",
    "sponsored": "no"
},
{
    "name": "Dark Reader",
    "description": "Applies a dark theme to websites for better readability at night.",
    "homepageUrl": "https://darkreader.org/",
    "sponsored": "no"
},
{
    "name": "Honey",
    "description": "Finds and applies coupon codes for online shopping.",
    "homepageUrl": "https://www.joinhoney.com/",
    "sponsored": "no"
},
{
    "name": "DuckDuckGo Privacy Essentials",
    "description": "Enhances your privacy by blocking trackers and enforcing encryption.",
    "homepageUrl": "https://duckduckgo.com/privacy",
    "sponsored": "no"
},
{
    "name": "Bitwarden",
    "description": "Open-source password manager for secure storage.",
    "homepageUrl": "https://bitwarden.com/",
    "sponsored": "no"
},
{
    "name": "Tab Wrangler",
    "description": "Automatically closes inactive tabs to save memory.",
    "sponsored": "no"
},
{
    "name": "OneTab",
    "description": "Consolidates all your open tabs into a single list.",
    "homepageUrl": "https://www.one-tab.com/",
    "sponsored": "no"
},
{
    "name": "Momentum",
    "description": "Replace your new tab page with a personal dashboard.",
    "homepageUrl": "https://momentumdash.com/",
    "sponsored": "no"
},
{
    "name": "uBlock Origin",
    "description": "An efficient and lightweight ad blocker.",
    "homepageUrl": "https://ublockorigin.com/",
    "sponsored": "no"
},
{
    "name": "Privacy Badger",
    "description": "Automatically learns to block invisible trackers.",
    "homepageUrl": "https://www.eff.org/privacybadger",
    "sponsored": "no"
},
{
    "name": "NoScript",
    "description": "Blocks scripts and other content from untrusted sources.",
    "homepageUrl": "https://noscript.net/",
    "sponsored": "no"
},
{
    "name": "Save to Pocket",
    "description": "Save articles, videos, and stories from any publication, page or app.",
    "homepageUrl": "https://getpocket.com/",
    "sponsored": "no"
},

{
    "name": "Session Buddy",
    "description": "Manage and save your browser sessions and tabs.",
    "homepageUrl": "https://sessionbuddy.com/",
    "sponsored": "no"
},
{
    "name": "Checker Plus for Gmail",
    "description": "Receive notifications and manage Gmail accounts directly from the extension.",
    "homepageUrl": "https://jasonsavard.com/wiki/Checker_Plus_for_Gmail",
    "sponsored": "no"
},
{
    "name": "Raindrop.io",
    "description": "Organize bookmarks and save web pages.",
    "homepageUrl": "https://raindrop.io/",
    "sponsored": "no"
},
{
    "name": "Google Dictionary",
    "description": "View definitions and translations of words as you browse.",
    "homepageUrl": "https://chromewebstore.google.com/detail/mgijmajocgfcbeboacabfgobmjgjcoja",
    "sponsored": "no"
},
{
    "name": "Forest",
    "description": "Stay focused by growing a virtual tree while you work.",
    "homepageUrl": "https://www.forestapp.cc/",
    "sponsored": "no"
},

{
    "name": "Dafont Redesign",
    "description": "Makes the entire Dafont website more modern.",
    "homepageUrl": "https://sites.google.com/view/nitraglobal/home",
    "sponsored": "yes"
}
]